etymon_id,etymon,ol_type_id,ol_cluster_id,ol_length_id,ol_pos_id,root_id,lang_id,meaning,notes
1,acclāmāre,1,2,2,3,58,6,,
2,acetabŭla,2,1,1,3,9,6,,
3,aciscŭlus,2,2,1,2,10,3,,
4,acūcŭla,2,2,1,3,12,6,,
5,acūcŭlarius,2,2,1,3,11,6,,
6,adŏcŭlāre,2,2,1,3,158,6,,
7,afflāre,1,3,2,3,103,6,,
8,afflatĭcum,1,3,2,3,103,3,,
9,"afflictio, -ōnis",1,3,2,3,13,6,,
10,affligĕre,1,3,2,3,13,6,,
11,agglŏmĕrāre,1,7,2,3,128,6,,
12,ambŭlāre,2,1,1,2,14,6,,
13,amplus,1,4,1,2,15,6,,
14,*amyndŭla,2,5,1,3,16,3,,
15,anatĭcŭla,2,2,1,3,17,6,,
16,*anēthŭlum,2,6,1,3,18,6,,
17,angŭla,2,7,1,2,19,6,,
18,angŭla vĕtŭla,2,7,1,2,19,6,,
19,angŭlāris,2,7,1,2,19,6,,
20,angŭlus,2,7,1,2,19,6,,
21,annĭcŭlus,2,2,1,3,20,6,,
22,apĕrī ŏcŭlos,2,2,1,3,158,6,,
23,apĭcŭla,2,2,1,3,21,6,,
24,*apparĭculāre,2,2,1,3,23,3,,
25,applānāre,1,4,2,3,170,3,,
26,applaudĕre,1,4,2,3,178,6,,
27,applĭcāre,1,4,2,3,182,6,,
28,(Aquis) Flavĭīs,1,3,1,1,249,6,,
29,artĭcŭlus,2,2,1,3,24,6,,
30,astŭla,2,6,1,2,26,6,,
31,aurĭcŭla,2,2,1,3,25,6,,
32,bacŭla,2,2,1,3,27,6,,
33,bacŭlum,2,2,1,3,28,6,,
34,*battŭcŭlum,2,2,1,3,29,6,,
35,*batuācŭlum,2,2,1,3,29,3,,
36,biblia,1,1,1,3,30,6,,
37,Biclăra,1,2,1,3,250,6,,
38,*bisacŭlu,2,2,1,3,202,3,,
39,*bislĭgŭla,2,7,1,3,140,3,,
40,*bĭsŏcŭlus,2,2,1,3,158,3,,
41,blandus,1,1,1,1,32,6,,
42,blank,1,1,1,1,33,1,,
43,blāo,1,1,1,1,31,8,,
44,blasphēmāre,1,1,1,1,34,6,,
45,blastemātu,1,1,1,1,34,6,,
46,blatta,1,1,1,1,35,6,,
47,*blattŭla ,1,1,1,1,35,3,,
48,*blattŭla ,2,6,1,3,35,3,,
49,*blauka,1,1,1,1,,1,,
50,blave,1,1,1,1,36,7,,
51,blial(t),1,1,1,1,,,,
52,blĭtum,1,1,1,1,37,6,,
53,boucle,1,2,1,3,40,7,,
54,*bŭccŭla,2,2,2,3,40,3,,
55,bŭtticŭla,2,2,1,3,41,6,,
56,*caccŭlus,2,2,2,3,42,3,,
57,canīcŭla,2,2,1,3,,6,,
58,capĭtŭlum,2,6,1,3,45,6,,
59,*cappŭla,2,4,2,3,44,3,,
60,capŭlum,2,4,1,3,44,6,,
61,carbŭncŭlus,2,2,1,2,46,6,,
62,*cardĭncŭlus,2,2,1,2,47,6,,
63,*cariuncŭla,2,2,1,2,48,6,,
64,casubla,1,1,1,3,49,3,,
65,*cattŭlus,2,6,2,3,50,3,,
66,caulĭcŭla,2,2,1,3,51,3,,
67,caupŭlus,2,4,1,3,52,6,,
68,cĕrcēdŭla,2,5,1,3,196,3,,
69,*cernĭcŭla,2,2,1,3,53,3,,
70,cernĭcŭlum,2,2,1,3,53,6,,
71,cicercŭla,2,2,1,2,56,6,,
72,cĭngŭla,2,7,1,2,57,6,,
73,cĭngŭlum,2,7,1,2,57,6,,
74,ciniscŭlus,2,2,1,2,54,3,,
75,cĭrcŭlāre,2,2,1,2,55,6,,
76,clāmāre,1,2,1,1,58,6,,
77,"clāmor, -ōris",1,2,1,1,58,6,,
78,"clārĭtās, -ātis",1,2,1,1,59,6,,
79,clārus,1,2,1,1,59,6,,
80,claudĕre,1,2,1,1,63,6,,
81,clausa,1,2,1,1,63,6,,
82,claustra,1,2,1,1,63,6,,
83,clausūra,1,2,1,1,63,6,,
84,clāva,1,2,1,1,60,6,,
85,clāvāre,1,2,1,1,62,3,,
86,*clāvaria,1,2,1,1,62,6,,
87,clāvĭcŭla ,1,2,1,1,61,6,,
88,clāvĭcŭla ,2,2,1,3,61,6,,
89,clāvis,1,2,1,1,61,6,,
90,clāvus,1,2,1,1,62,6,,
91,"clēmens,-tis",1,2,1,1,64,6,,
92,clērĭcus,1,2,1,1,65,3,,
93,*clēta,1,2,1,1,2,2,,
94,clima,1,2,1,1,67,6,,
95,*clīnus,1,2,1,1,66,6,,
96,cloāca,1,2,1,1,68,6,,
97,clocca,1,2,1,1,69,3,,
98,*clŏcca,1,2,1,1,3,3,,
99,cloccaculum ,1,2,1,1,69,3,,
100,*clocia,1,2,1,1,3,3,,
101,clūnis,1,2,1,1,70,6,,
102,clŭpĕa,1,2,1,1,71,6,,
103,clŭpĕus,1,2,1,1,72,6,,
104,clyster,1,2,1,1,73,6,,
105,coacŭla,2,2,1,3,76,6,,
106,coagŭlāre,2,7,1,3,77,3,,
107,coagŭlum,2,7,1,3,74,6,,
108,"cochlear, -āris",1,2,1,3,78,6,,
109,complēre,1,4,1,2,180,6,,
110,complĕxus,1,4,1,2,79,6,,
111,complicāre,1,4,1,2,182,6,,
112,cŏnchŭla,2,2,1,2,75,3,,
113,conclausum,1,2,1,2,63,6,,
114,conclavāri,1,2,1,2,61,6,,
115,conclūdĕre,1,2,1,2,63,6,,
116,*conjŭngŭla,2,7,1,2,80,3,,
117,contemplātio,1,4,1,2,228,6,,
118,cōpŭla,2,4,1,3,22,6,,
119,*cornĭcŭla,2,2,1,3,82,6,,
120,cornĭcŭlum,2,2,1,3,83,6,,
121,cornĭcŭlus,2,2,1,3,84,6,,
122,*corrŏtŭlāre,2,6,1,3,201,3,,
123,*crīnĭcŭla,2,2,1,3,85,6,,
124,*crīnīcŭlāre,2,2,1,3,85,6,,
125,cunĭcŭlus,2,2,1,3,86,6,,
126,curculiunculus,2,2,1,2,87,6,,
127,cŭrrĭcŭlum,2,2,1,3,88,6,,
128,diabŏlus,2,1,1,3,91,3,,
129,díflà,1,3,1,3,,9,,
130,dĭscĭpŭlus,2,4,1,3,90,6,,
131,dŭplāre,1,4,1,3,93,6,,
132,dŭplĭcāre,1,4,1,3,93,6,,
133,dŭplus,1,4,1,3,93,6,,
134,ec(c)lesĭŏla,1,2,2,3,94,3,,
135,eclēsĭa,1,2,1,3,94,3,,
136,eclipsis,1,2,1,3,96,6,,
137,examplāre,1,4,1,2,15,6,,
138,*exbotulare,2,6,1,3,38,3,,
139,*excapŭlāre,2,4,1,3,44,3,,
140,exclūdĕre,1,2,1,2,63,6,,
141,exĕmplum,1,4,1,2,97,6,,
142,*explicitāre,1,4,1,2,98,6,,
143,*extŏrcŭlāre,2,2,1,2,234,3,,
144,fabŭla,2,1,1,3,99,6,,
145,fabŭlāri,2,1,1,3,99,6,,
146,*facucŭla,2,2,1,3,100,6,,
147,facŭla,2,2,1,3,100,6,,
148,faible,1,1,1,3,110,11,,
149,*fascŭla,2,2,1,2,100,6,,
150,fēnŭcŭlum,2,2,1,3,101,3,,
151,fīlius e(c)clēsiae,1,2,2,3,94,3,,
152,fĭstŭla,2,6,1,2,102,6,,
153,fistŭlāre,2,6,1,2,102,6,,
154,flaccĭda,1,3,1,1,105,6,,
155,flaccĭdus,1,3,1,1,105,6,,
156,flaccus,1,3,1,1,105,6,,
157,"flagrans, -tis",1,3,1,1,106,6,,
158,flagrāre,1,3,1,1,106,3,,
159,flamma,1,3,1,1,108,6,,
160,*flaskô,1,3,1,1,4,4,,
161,flauta,1,3,1,1,109,10,,
162,flŏccus,1,3,1,1,112,6,,
163,flōrēre,1,3,1,1,111,6,,
164,"flōs, -ris",1,3,1,1,111,6,,
165,flŭxus,1,3,1,1,113,6,,
166,fŏlĭātĭlis,2,6,1,3,114,3,,
167,follĭcŭlus,2,2,1,3,115,6,,
168,fūrŭncŭlus,2,2,1,2,116,6,,
169,gĕnŭcŭlum,2,2,1,3,117,3,,
170,glăber,1,7,1,1,119,6,,
171,glacĭēs,1,7,1,1,120,6,,
172,gladius,1,7,1,1,121,6,,
173,"glando, -ĭnis",1,7,1,1,118,3,,
174,glandŭla ,1,7,1,1,118,6,,
175,glandŭla ,2,5,1,2,118,6,,
176,"glans, -dis",1,7,1,1,118,6,,
177,glarĕa,1,7,1,1,122,6,,
178,*glarētum,1,7,1,1,122,3,,
179,glattīre,1,7,1,1,123,6,,
180,glēba,1,7,1,1,124,6,,
181,"glīs, -īris",1,7,1,1,125,6,,
182,glŏbĕllum,1,7,1,1,129,6,,
183,glŏbĕllus,1,7,1,1,129,6,,
184,glōrĭa,1,7,1,1,126,6,,
185,glōssa,1,7,1,1,127,6,,
186,glūma,1,7,1,1,131,6,,
187,"glūs, -tis",1,7,1,1,,3,,
188,"glŭtto, -ōnis",1,7,1,1,132,6,,
189,grācŭla,2,2,1,3,133,6,,
190,gracŭlus,2,2,1,3,133,6,,
191,guimple,1,4,1,2,8,7,,
192,*hĭnnītŭlāre,2,6,1,3,134,3,,
193,ĭmplēre,1,4,1,2,180,6,,
194,ĭmplĭcāre,1,4,1,2,182,6,,
195,ĭnclīnāre,1,2,1,2,66,6,,
196,inclūdĕre,1,2,1,2,63,6,,
197,*ĭndēbĭlis,2,1,1,3,89,3,,
198,ĭnflāre,1,3,1,2,136,6,,
199,"ĭnflatio, -ōne",1,3,1,2,136,6,,
200,ĭnsūbŭlum,2,1,1,3,137,6,,
201,īnsŭla,,,,,135,6,,
202,*(in)vŏrūclum,1,2,1,3,247,3,,
203,*klappa,1,2,1,1,5,5,,
204,lentĭcŭla,2,2,1,3,138,6,,
205,lĭgŭla,2,7,1,3,141,6,,
206,*lôfa,,,,,6,4,,
207,*lumbrīcŭla,2,2,1,3,142,3,,
208,macŭla,2,2,1,3,144,6,,
209,macŭlāre,2,2,1,3,144,6,,
210,*macŭlāta,2,2,1,3,144,6,,
211,manĭcŭla,2,2,1,3,145,6,,
212,manŭcŭlus,2,2,1,3,145,3,,
213,*marcŭlātus,2,2,1,2,146,3,,
214,marcŭlus,2,2,1,2,146,6,,
215,mascŭlus,2,2,1,2,143,6,,
216,mĕspĭlum,2,4,1,2,147,6,,
217,mīracŭlum,2,2,1,3,149,6,,
218,mĭscŭlāre,2,2,1,2,150,3,,
219,mōbĭlis,2,1,1,3,151,6,,
220,mūscŭlus,2,2,1,2,152,6,,
221,"*mŭtŭlo, -ōnis",2,6,1,3,153,3,,
222,nĕbŭla,2,1,1,3,154,6,,
223,neglĕgentĭa,1,7,1,3,155,6,,
224,nībŭlus,2,1,1,3,148,3,,
225,nŏvācŭla,2,2,1,3,156,6,,
226,nubĭlāre,2,1,1,3,157,6,,
227,nūbĭlus,2,1,1,3,157,6,,
228,oblāta,1,1,1,3,161,6,,
229,ŏblĭgāre,1,1,1,3,160,6,,
230,*ŏblītāre,1,1,1,3,159,3,,
231,ŏcŭlus,2,2,1,3,158,6,,
232,ovĭcŭla,2,2,1,3,162,6,,
233,pānŭcŭla,2,2,1,3,163,3,,
234,parabŏla,2,1,1,3,165,6,,
235,*parĭcŭla,2,2,1,3,164,3,,
236,*parĭcŭlus,2,2,1,3,164,3,,
237,pĕdĭs ŭngŭla,2,7,1,2,240,3,,
238,pēdŭcŭlus,2,2,1,3,166,3,,
239,pĕrgŭla,2,7,1,2,167,6,,
240,pĕrīcŭlum,2,2,1,3,168,6,,
241,pĕstŭlus,2,6,1,2,251,3,,
242,placēre,1,4,1,1,171,6,,
243,placĭtus,1,4,1,1,171,6,,
244,placĭtus (dies),1,4,1,1,171,6,,
245,plāga,1,4,1,1,169,6,,
246,plagāre,1,4,1,1,169,3,,
247,plagĭa,1,4,1,1,172,3,,
248,plānāceus,1,4,1,1,170,3,,
249,plānāria,1,4,1,1,170,3,,
250,planca,1,4,1,1,173,6,,
251,plānctus,1,4,1,1,174,6,,
252,*plancŭla ,1,4,1,1,173,3,,
253,*plancŭla ,2,2,1,2,173,3,,
254,*plānellum,1,4,1,1,170,3,,
255,plangĕre,1,4,1,1,174,6,,
256,planĭtĭa,1,4,1,1,170,6,,
257,planta,1,4,1,1,175,6,,
258,"plantāgō, -ĭnis",1,4,1,1,175,6,,
259,plantāre,1,4,1,1,175,6,,
260,plānus,1,4,1,1,170,6,,
261,*plattĕa,1,4,1,1,176,3,,
262,*plattus,1,4,1,1,177,3,,
263,plĕcta,1,4,1,1,181,6,,
264,plēnus,1,4,1,1,179,6,,
265,plĭcāre,1,4,1,1,182,3,,
266,*plōppus,1,4,1,1,191,6,,
267,plōrāre,1,4,1,1,183,6,,
268,plŏvĕre,1,4,1,1,184,3,,
269,plūma,1,4,1,1,185,6,,
270,plūmācium,1,4,1,1,185,6,,
271,plŭmbum,1,4,1,1,187,6,,
272,"plūs, -ris",1,4,1,1,186,6,,
273,plŭtĕus,1,4,1,1,188,6,,
274,plŭvĭa,1,4,1,1,189,6,,
275,pōcŭlum,2,2,1,3,190,6,,
276,pŏpŭlāre,2,4,1,3,192,3,,
277,pŏpŭlus,2,4,1,3,192,6,,
278,pŏrtŭlāca,2,6,1,2,193,6,,
279,pūblĭcus,1,1,1,3,194,6,,
280,pustŭla,2,6,1,2,195,6,,
281,radŭla,2,5,1,3,197,6,,
282,*ragŭlāre,2,7,1,3,198,3,,
283,rallum,,,,,197,6,,
284,reclūdĕre,1,2,1,3,63,6,,
285,rēgŭla,2,7,1,3,199,6,,
286,*repŭlum,2,4,1,3,200,3,,
287,*restŭcŭlum,2,2,1,3,224,3,,
288,resŭfflāre,1,3,2,3,226,6,,
289,(rīvī) angŭlus,2,7,1,2,19,6,,
290,rŏtŭla,2,6,1,3,201,6,,
291,rŏtŭlare,2,6,1,3,201,3,,
292,rŏtŭlus,2,6,1,3,201,6,,
293,saecŭlāris,2,2,1,3,203,6,,
294,saecŭlum,2,2,1,3,203,6,,
295,sarcŭlāre,2,2,1,2,204,6,,
296,sarcŭlum,2,2,1,2,205,6,,
297,saƫl,1,6,1,3,206,9,,
298,scandŭla,2,5,1,2,208,6,,
299,scarabaecŭlu,2,2,1,3,207,3,,
300,*scarabĭcŭlu,2,2,1,3,207,3,,
301,scŏpŭlus,2,4,1,3,209,6,,
302,*scrabruncŭlus,2,2,1,2,7,6,,
303,*serpucŭlus,2,2,1,3,210,3,,
304,serracŭlum,2,2,1,3,211,6,,
305,sībĭlāre,2,1,1,3,212,6,,
306,sĭmplex-ĭcis,1,4,1,2,213,6,,
307,sĭmplus,1,4,1,2,214,6,,
308,"sĭngŭlārĭtās, -ātis",2,7,1,2,217,6,,
309,sĭngŭlārĭus,2,7,1,2,217,3,,
310,sĭngŭlus,2,7,1,2,216,6,,
311,sĭtŭla,2,6,1,3,218,6,,
312,*sŏrtīcŭla,2,2,1,3,219,3,,
313,spatŭla,2,6,1,3,220,6,,
314,spĕcŭlum,2,2,1,3,221,6,,
315,spīcŭlum,2,2,1,3,222,6,,
316,stĭpŭlāri,2,4,1,3,223,6,,
317,sŭblĕvāre,1,1,1,3,139,6,,
318,*sŭblĕviāre,1,1,1,3,139,3,,
319,sŭblĭnguanĕus,1,1,1,3,141,3,,
320,sŭcŭlus,2,2,1,3,225,6,,
321,sŭfflammāre,1,3,2,1,108,6,,
322,sŭfflāre,1,3,2,3,226,6,,
323,*sūfilāre,2,3,1,3,212,3,,
324,sŭgglūtīre,1,7,2,3,215,3,,
325,sŭgglŭttĭum,1,7,2,3,215,3,,
326,tabŭla,2,1,1,3,227,6,,
327,tabŭlātum,2,1,1,3,227,6,,
328,tēgŭla,2,7,1,3,229,6,,
329,tĕmplum,1,4,1,2,228,6,,
330,*tempola,2,4,1,2,230,3,,
331,tertublo,1,1,1,3,232,6,,
332,tĭtŭlus,2,6,1,3,233,6,,
333,tŏrcŭlāre,2,2,1,2,234,6,,
334,trībŭlāre,2,1,1,3,235,6,,
335,trībŭlum,2,1,1,3,231,6,,
336,*trĭmacŭlum,2,2,1,3,144,3,,
337,trĭplus,1,4,1,3,236,6,,
338,tŭbŭla,2,1,1,3,237,6,,
339,tŭrbŭla,2,1,1,2,238,3,,
340,*tŭrbŭlāre,2,1,1,2,238,3,,
341,*ŭncĭcŭla,2,2,1,3,239,3,,
342,ŭngŭla,2,7,1,2,240,6,,
343,vectĭcŭlus,2,2,1,3,242,3,,
344,vermĭcŭla,2,2,1,3,243,6,,
345,vermĭcŭlus,2,2,1,3,243,6,,
346,verūcŭlum,2,2,1,3,244,6,,
347,vĕtŭla,2,6,1,3,241,6,,
348,vĕtŭlus,2,6,1,3,241,6,,
349,*vĭncĭcŭlum,2,2,1,3,246,3,,
350,vĭncŭlum,2,2,1,2,246,6,,
351,vītīcŭla,2,2,1,3,245,6,,
352,*vŏrūclum,1,2,1,3,247,3,,
353,vŭlpēcŭla,2,2,1,3,248,6,,
354,*vŭlpēcŭlarias,2,2,1,3,248,6,,
