inherited_word_id,inherited_word,meaning,lang_id,first_attestation,is_primary,is_regional,variety_or_region,notes
1,abeja,,17,13,yes,no,,
2,abellas,,13,13,yes,no,,
3,abraiar,,12,20,yes,no,,
4,abrojos,,17,13,yes,no,,
5,abrolhos,,13,13-14,yes,no,,
6,acetres,,13,14,yes,no,,
7,acha,,13,13,yes,no,,
8,achaar,,13,13-14,yes,no,,
9,achalgo,,13,13,yes,no,,
10,achamus,,13,10,yes,no,,
11,achazar,,12,18,yes,no,,
12,achegar,,13,13,yes,no,,
13,achitabla,,16,20,yes,yes,Alava,
14,aciche,,16,18,yes,no,,
15,aconchegar,,12,18,yes,no,,
16,adelfa,,17,13,yes,no,,
17,adelfa,,14,18,yes,no,,
18,adelha,,14,20,yes,no,,
19,affricones,,13,15,yes,no,,
20,affrigir,,13,14,yes,no,,
21,afreícion,,17,15,yes,no,,
22,afreído,,17,15,yes,no,,
23,aglomerar,,16,18,yes,no,,
24,aglomerar,,12,19,yes,no,,
25,aguja,,17,13,yes,no,,
26,agujero,,17,14,yes,no,,
27,agulia,,13,11,yes,no,,
28,allamare,,17,13,yes,no,,
29,allanada,,17,13,yes,no,,
30,allegando,,17,12,yes,no,,
31,almendra,,17,13,yes,no,,
32,amblar,,17,13,yes,no,,
33,ambrar,,13,13,yes,no,,
34,ampllo,,18,,yes,no,,
35,amuñonar,,15,,yes,no,,
36,ancho,,17,12,yes,no,,
37,ancho,,13,13,yes,no,,
38,aneldo,,17,13,yes,no,,
39,anello,,13,13,yes,no,,
40,anglo,,17,13,yes,no,,
41,angra,,13,15,yes,no,,
42,Anllada,,12,,yes,no,,
43,anllar,,12,19,yes,no,,
44,Añavieja,,16,,yes,no,,
45,añejo,,17,13,yes,no,,
46,aojados,,17,13,yes,no,,
47,aolhasse,,13,13-14,yes,no,,
48,aparejo,,16,,yes,no,,
49,aparellado,,13,13,yes,no,,
50,aplaudir,,14,17,yes,no,,
51,aplaudir,,17,15,yes,no,,
52,apusllar,,15,,yes,no,,
53,arrojar,,17,13,yes,no,,
54,arrollar,,15,,yes,no,,
55,artejo,,17,13,yes,no,,
56,artillos,,13,14,yes,no,,
57,ascla,,20,,yes,no,,
58,asollar,,15,,yes,no,,
59,astiprar,,17,13,yes,no,,
60,ayalga,,15,,yes,no,,
61,azetrelio,,17,11,yes,no,,
62,badajo,,17,15,yes,no,,
63,badalo,,13,13,yes,no,,
64,bágoa,,12,18,yes,no,,
65,bagoo,,13,14,yes,no,,
66,barata,,14,16,yes,no,,
67,batallo,,20,,yes,no,,
68,Béjar,,17,13,yes,no,,
69,beldro,,12,18,yes,no,,
70,berrojo,,17,13,yes,no,,
71,betijo,,16,20,yes,no,,
72,betillo,,12,18,yes,no,,
73,birollo,,12,19,yes,no,,
74,bisalho,,13,14,yes,no,,
75,bisuejo,,17,15,yes,no,,
76,blago,,17,13,yes,no,,
77,blanco,,17,12,yes,no,,
78,blando,,17,13,yes,no,,
79,blao,,17,14,yes,no,,
80,blavo,,17,14,yes,no,,
81,bledos,,17,14,yes,no,,
82,blincu,,15,,yes,no,,
83,bllanco,,18,,yes,no,,
84,bloca,,17,12,yes,no,,
85,bochecha,,13,14,yes,no,,
86,Bolpeleiras,,13,12,yes,no,,
87,botija,,17,14,yes,no,,
88,branca,,13,13,yes,no,,
89,brando,,13,13,yes,no,,
90,brata,,16,,yes,no,,
91,bredo,,14,16,yes,no,,
92,brial,,17,12,yes,no,,
93,brial,,13,13,yes,no,,
94,bribia,,19,14,yes,no,,
95,briuia,,13,14,yes,no,,
96,broca,,13,14,yes,no,,
97,brouca,,12,18,yes,no,,
98,bucaros,,17,15,yes,no,,
99,burujo,,17,14,yes,no,,
100,cabildo,,17,12,yes,no,,
101,cabillo,,13,13,yes,no,,
102,cacha,,17,13,yes,no,,
103,cachas,,13,13,yes,no,,
104,cacho,,12,17,yes,no,,
105,cacho,,16,16,yes,no,,
106,cacho,,13,15,yes,no,,
107,cachorro,,17,15,yes,no,,
108,cachorro,,13,14,yes,no,,
109,caco,,14,16,yes,no,,
110,carbũche,,13,14-15,yes,no,,
111,carbunclas,,17,12,yes,no,,
112,cardenchas,,17,13,yes,no,,
113,carrejo,,17,14?,yes,no,,
114,caruncho,,12,19,yes,no,,
115,caruncho,,14,16,yes,no,,
116,caruncho,,16,19,yes,no,,
117,castra,,13,15,yes,no,,
118,casula,,13,13,yes,no,,
119,casullas,,17,9,yes,no,,
120,cello,,17,13,yes,no,,
121,ceñiglo,,17,11,yes,no,,
122,cerceta,,17,15,yes,no,,
123,cercha,,17,13,yes,no,,
124,cerneja,,17,13,yes,no,,
125,çernella,,13,15,yes,no,,
126,cerniyu,,15,,yes,no,,
127,cerraja,,17,11,yes,no,,
128,chagas,,13,13,yes,no,,
129,chagou,,13,13,yes,no,,
130,chaira,,12,18,yes,no,,
131,chama,,13,13,yes,no,,
132,chaman,,13,12,yes,no,,
133,chamor,,13,13-14,yes,no,,
134,chanca,,12,19,yes,no,,
135,chanca,,14,18,yes,no,,
136,changer,,13,13,yes,no,,
137,Chano,,13,8-10,yes,no,,
138,chantage,,12,18,yes,no,,
139,chantagem,,14,16,yes,no,,
140,chanto,,13,13,yes,no,,
141,chantou,,13,13,yes,no,,
142,chanzo,,12,18,yes,no,,
143,chapas,,13,14,yes,no,,
144,chapas,,17,14,yes,no,,
145,chato,,16,17,yes,no,,
146,chato,,12,18,yes,no,,
147,chato,,14,17,yes,no,,
148,chauella,,13,13,yes,no,,
149,Chaues,,13,13,yes,no,,
150,chave,,13,13,yes,no,,
151,chaveiro/a,,13,18,yes,no,,
152,Chedas,,13,13,yes,no,,
153,chegou,,13,13,yes,no,,
154,"chenlo, chaelo",,12,20,yes,no,,
155,chẽo,,13,13,yes,no,,
156,cheyra,,13,13,yes,no,,
157,chilrar,,14,15,yes,no,,
158,chirlar,,17,15,yes,no,,
159,choca,,13,13,yes,no,,
160,choça,,13,13,yes,no,,
161,choça,,17,13,yes,no,,
162,chocallo,,19,16,yes,no,,
163,chocas,,13,13,yes,no,,
164,chocho,,14,18,yes,no,,
165,chomacio,,13,9,yes,no,,
166,chombu,,15,,yes,no,,
167,chopa,,16,18,yes,no,,
168,chopo,,12,18,yes,no,,
169,chopo,,17,14,yes,no,,
170,*chor,,13,15,yes,no,,
171,chorar,,13,13,yes,no,,
172,Chorente,,13,15,yes,no,,
173,choupa,,12,20,yes,no,,
174,choupana,,14,16,yes,no,,
175,choupas,,14,16,yes,no,,
176,choupo,,14,18,yes,no,,
177,chousura,,13,13,yes,no,,
178,Chouzan,,13,12,yes,no,,
179,chover,,13,13,yes,no,,
180,choyr,,13,13,yes,no,,
181,chuflar,,20,,yes,no,,
182,chumbo,,13,13,yes,no,,
183,chus,,13,13,yes,no,,
184,chuvia,,13,13,yes,no,,
185,cincha,,17,12,yes,no,,
186,çinchos,,13,13-14,yes,no,,
187,Cizercha,,17,15,yes,no,,
188,claridad,,17,13,yes,no,,
189,claro,,17,12,yes,no,,
190,clauar,,13,15,yes,no,,
191,clava,,16,16,yes,no,,
192,clava,,17,13,yes,no,,
193,clavos,,17,12,yes,no,,
194,clemencia,,17,13,yes,no,,
195,clerigo,,17,12,yes,no,,
196,clima,,17,13,yes,no,,
197,cllaro,,18,,yes,no,,
198,cllau,,18,,yes,no,,
199,cloaca,,14,16,yes,no,,
200,cloaga,,17,14,yes,no,,
201,coalla,,16,17,yes,no,,
202,cobra,,13,13,yes,no,,
203,cõelio,,13,12,yes,no,,
204,coella,,12,18,yes,no,,
205,colaga,,14,,yes,yes,Tras-os-Montes,
206,colleja,,16,16,yes,no,,
207,complejos,,17,15,yes,no,,
208,comprir,,13,13,yes,no,,
209,concha,,17,12,yes,no,,
210,concha,,13,14,yes,no,,
211,conchavado,,14,16,yes,no,,
212,conchavarse,,17,15,yes,no,,
213,conchegar,,14,16,yes,no,,
214,conchouso,,13,12,yes,no,,
215,concluida,,17,13,yes,no,,
216,coneio,,17,13,yes,no,,
217,contemplación,,17,13,yes,no,,
218,cópano,,17,15,yes,no,,
219,copla,,17,12,yes,no,,
220,corneja,,17,12,yes,no,,
221,cornejo,,16,17,yes,no,,
222,cornelha,,13,13,yes,no,,
223,cornelho,,14,19,yes,no,,
224,cornello,,12,19,yes,no,,
225,cornijal,,17,14,yes,no,,
226,coyunda,,17,13,yes,no,,
227,craridades,,13,13,yes,no,,
228,craro,,13,13,yes,no,,
229,crava,,13,16,yes,no,,
230,cravo,,13,13,yes,no,,
231,crego,,13,13,yes,no,,
232,crencha,,17,15,yes,no,,
233,crenchas,,14,16,yes,no,,
234,crenchas,,12,16-17,yes,no,,
235,cris,,16,17,yes,no,,
236,cristel,,17,13,yes,no,,
237,criznejas,,16,16,yes,no,,
238,crys,,13,15,yes,no,,
239,cuajada,,17,13,yes,no,,
240,cuchar,,17,13,yes,no,,
241,cuenya,,15,,yes,no,,
242,culiare,,19,10,yes,no,,
243,culiares,,13,10,yes,no,,
244,cumplir,,17,12,yes,no,,
245,cumpllir,,18,,yes,no,,
246,curriellu,,15,,yes,no,,
247,damendoas,,13,12,yes,no,,
248,deciplos,,17,13,yes,no,,
249,desmayar,,19,14,yes,no,,
250,diablo,,17,13,yes,no,,
251,diaboo,,13,13,yes,no,,
252,dicipolos,,13,13,yes,no,,
253,doblado,,17,12,yes,no,,
254,doblegela,,17,13,yes,no,,
255,doblo,,17,12,yes,no,,
256,dobrava,,13,9,yes,no,,
257,dobro,,13,13,yes,no,,
258,egleja,,13,10,yes,no,,
259,eglesia,,17,9,yes,no,,
260,elisar,,22,,yes,no,,
261,emdro,,14,16,yes,no,,
262,emplegar,,15,,yes,no,,
263,empleita,,17,15,yes,no,,
264,empreita,,13,15,yes,no,,
265,encanijarse,,16,17,yes,no,,
266,encarrujado,,16,16,yes,no,,
267,encher,,13,13,yes,no,,
268,enclinar,,17,12,yes,no,,
269,enclinou,,13,13,yes,no,,
270,encloír,,17,13,yes,no,,
271,endeble,,16,17,yes,no,,
272,engrude,,13,13,yes,no,,
273,engrudo,,17,13,yes,no,,
274,enlloer,,15,,yes,no,,
275,enpregar,,13,13,yes,no,,
276,ensancha,,17,13,yes,no,,
277,ensancham,,13,15,yes,no,,
278,enssiemplo,,17,12,yes,no,,
279,ensullo,,12,19,yes,no,,
280,ensullo,,17,13,yes,no,,
281,envurullar,,13,13,yes,no,,
282,esbullar,,13,13,yes,no,,
283,escabollirse,,17,14,yes,no,,
284,escalla,,20,,yes,no,,
285,escambuñeyro,,12,18,yes,no,,
286,escanda,,13,12-13,yes,no,,
287,escaña,,17,15,yes,no,,
288,escaramujo,,17,15,yes,no,,
289,escaravaio,,17,13,yes,no,,
290,escaravello,,13,15,yes,no,,
291,escolho,,14,16,yes,no,,
292,escollo,,16,17,yes,no,,
293,espalda,,17,13,yes,no,,
294,espeilho,,23,,yes,no,,
295,espello,,13,13,yes,no,,
296,espiello,,20,,yes,no,,
297,espligo,,17,14-15,yes,no,,
298,espligo,,20,14,yes,no,,
299,esprego,,12,19,yes,no,,
300,espreita,,13,13,yes,no,,
301,estrujar,,17,15,yes,no,,
302,estrulloulle,,13,14-15,yes,no,,
303,estruyar,,15,,yes,no,,
304,excludir,,13,15,yes,no,,
305,excludir,,17,15,yes,no,,
306,exempro,,13,13,yes,no,,
307,fabla,,17,12,yes,no,,
308,fablar,,17,12,yes,no,,
309,fachas,,13,14,yes,no,,
310,faja,,17,13,yes,no,,
311,fala,,13,13,yes,no,,
312,falaren,,13,12-13,yes,no,,
313,fallar,,17,12,yes,no,,
314,fallazgo,,17,13,yes,no,,
315,faúlha,,14,17,yes,no,,
316,febre,,12,14,yes,no,,
317,fechadas,,13,13,yes,no,,
318,feegres,,13,13,yes,no,,
319,feligres,,17,13,yes,no,,
320,ferrollo,,13,13-14,yes,no,,
321,ficheira,,13,12,yes,no,,
322,finojo,,17,13,yes,no,,
323,fistra,,16,19,yes,no,,
324,flaco,,17,12,yes,no,,
325,flagrante,,17,15,yes,no,,
326,flagrante,,12,20,yes,no,,
327,flauta,,17,14,yes,no,,
328,fllama,,18,,yes,no,,
329,fllor,,20,,yes,no,,
330,florido,,17,14,yes,no,,
331,floronco,,17,15,yes,no,,
332,floxo,,17,13,yes,no,,
333,flueco,,17,14,yes,no,,
334,folhelho,,13,13,yes,no,,
335,fótula,,,16,yes,no,,
336,fraco,,13,13,yes,no,,
337,frasca,,13,15,yes,no,,
338,frasca,,17,13,yes,no,,
339,frauta,,13,15,yes,no,,
340,frocos,,13,13,yes,no,,
341,froixo,,13,14,yes,no,,
342,fruncho,,13,14,yes,no,,
343,funcho,,13,14,yes,no,,
344,gẽollos,,13,13,yes,no,,
345,glabro,,16,19,yes,no,,
346,glabros,,12,20,yes,no,,
347,gladio,,17,13,yes,no,,
348,glayar,,15,,yes,no,,
349,gleba,,17,15,yes,no,,
350,glera,,17,12,yes,no,,
351,glorias,,17,12,yes,no,,
352,glosa,,17,13,yes,no,,
353,glotón,,17,13,yes,no,,
354,gluma,,12,20,yes,no,,
355,gluma,,16,19,yes,no,,
356,golpello,,13,13,yes,no,,
357,grajos,,17,15,yes,no,,
358,gralheira,,13,13,yes,no,,
359,grimpa,,12,20,yes,no,,
360,grimpola,,17,15,yes,no,,
361,grodom,,12,13,yes,no,,
362,groriosa,,13,13,yes,no,,
363,grosa,,13,14,yes,no,,
364,guedelia,,13,12,yes,no,,
365,güeyu,,15,,yes,no,,
366,gulpeja,,17,13,yes,no,,
367,hojalde,,17,15,yes,no,,
368,hollejo,,17,15,yes,no,,
369,ilesia,,15,,yes,no,,
370,inchaçon,,13,13,yes,no,,
371,inchámoslas,,17,12,yes,no,,
372,inchazón,,17,13,yes,no,,
373,inchou,,13,13,yes,no,,
374,inojos,,16,12,yes,no,,
375,inssoa,,13,13,yes,no,,
376,isla,,17,13,yes,no,,
377,juviello,,20,15,yes,no,,
378,lambrija,,16,18,yes,no,,
379,lancha,,17,13,yes,no,,
380,lancha,,12,20,yes,no,,
381,lancha,,14,19,yes,no,,
382,lande,,17,12,yes,no,,
383,lande,,13,15,yes,no,,
384,landoas,,13,14,yes,no,,
385,landre,,17,15,yes,no,,
386,larea,,13,9,yes,no,,
387,laredo,,14,20,yes,no,,
388,lastima,,17,14,yes,no,,
389,lastimado,,13,14,yes,no,,
390,latidos,,17,14,yes,no,,
391,lazo,,12,19,yes,no,,
392,legra,,17,13,yes,no,,
393,legra,,13,15,yes,no,,
394,leibas,,12,20,yes,no,,
395,leirão,,14,19,yes,no,,
396,leirón,,12,19,yes,no,,
397,leiva,,14,17,yes,no,,
398,lentejas,,17,13,yes,no,,
399,lentellas,,13,14,yes,no,,
400,lera,,16,,yes,yes,Santander,
401,lirón,,17,13,yes,no,,
402,llacia,,15,,yes,no,,
403,llacio,,17,13,yes,no,,
404,llaga,,17,13,yes,no,,
405,llagar,,17,12,yes,no,,
406,llama,,17,13,yes,no,,
407,llama,,17,12,yes,no,,
408,llandiu,,15,,yes,no,,
409,llaneza,,16,16,yes,no,,
410,llano,,17,12,yes,no,,
411,llantaina,,15,,yes,no,,
412,llantar,,17,13,yes,no,,
413,llantas,,17,13,yes,no,,
414,llanten,,17,13,yes,no,,
415,llanto,,17,12,yes,no,,
416,llañer,,17,13,yes,no,,
417,llatejar,,13,15,yes,no,,
418,llatir,,15,,yes,no,,
419,llave,,17,13,yes,no,,
420,llavija,,17,14,yes,no,,
421,llavija,,21,,yes,no,,
422,llaz,,15,,yes,no,,
423,lleba,,18,,yes,no,,
424,llegarán,,17,12,yes,no,,
425,llegra,,15,,yes,no,,
426,llen,,16,,yes,yes,Cantabria,
427,llena,,17,12,yes,no,,
428,llera,,15,,yes,no,,
429,lleral,,18,,yes,no,,
430,llirón,,15,,yes,no,,
431,llor,,17,14,yes,no,,
432,llorar,,17,12,yes,no,,
433,llosa,,15,11,yes,no,,
434,llouiesse,,17,12,yes,no,,
435,llueca,,15,,yes,no,,
436,llueca,,16,17,yes,no,,
437,llueza,,15,,yes,no,,
438,llumazos,,17,13,yes,no,,
439,llun,,17,13,yes,no,,
440,lluvias,,17,13,yes,no,,
441,lluviellu,,15,,yes,no,,
442,loa,,16,,yes,yes,Salamanca,
443,locajo,,16,15,yes,yes,Salamanca,
444,lovelo,,13,13,yes,no,,
445,luva,,17,11,yes,no,,
446,machados,,13,15,yes,no,,
447,macho,,13,13-14,yes,no,,
448,macho,,17,15,yes,no,,
449,macho,,17,13,yes,no,,
450,magoasse,,13,14,yes,no,,
451,majada,,17,12,yes,no,,
452,malha,,13,14,yes,no,,
453,malhada,,13,13,yes,no,,
454,mancha,,17,13,yes,no,,
455,manchados,,17,13,yes,no,,
456,manijas,,17,15,yes,no,,
457,manojos,,17,13,yes,no,,
458,mezclados,,17,12,yes,no,,
459,mezcrar,,13,13,yes,no,,
460,miraclo,,17,13,yes,no,,
461,miragre,,13,13,yes,no,,
462,moion,,17,11,yes,no,,
463,moliones,,13,10,yes,no,,
464,moolho,,13,12,yes,no,,
465,mouil,,13,13,yes,no,,
466,mueble,,17,13,yes,no,,
467,musclo,,13,14,yes,no,,
468,muslo,,17,13,yes,no,,
469,nadija,,17,12,yes,no,,
470,navaja,,17,13,yes,no,,
471,Navalia,,13,11,yes,no,,
472,nebli,,17,13,yes,no,,
473,negligencia,,17,13,yes,no,,
474,negrigença,,13,14,yes,no,,
475,nespereyra,,13,10,yes,no,,
476,névoa,,13,13,yes,no,,
477,nevris,,13,15,yes,no,,
478,niebla,,17,13,yes,no,,
479,nisperos,,17,14,yes,no,,
480,nublado,,17,13,yes,no,,
481,nublo,,17,13,yes,no,,
482,nuveado,,13,13,yes,no,,
483,núvia,,14,16,yes,no,,
484,oblada,,17,13,yes,no,,
485,obligar,,17,13,yes,no,,
486,obradar,,13,14,yes,no,,
487,obridar,,13,13,yes,no,,
488,obrigo,,13,13,yes,no,,
489,ojo,,17,12,yes,no,,
490,ollos,,13,13,yes,no,,
491,olvidar,,17,12,yes,no,,
492,onceja,,17,13,yes,no,,
493,orejadas,,17,12,yes,no,,
494,orellas,,13,12,yes,no,,
495,oreya,,15,,yes,no,,
496,ouelias,,13,9,yes,no,,
497,ovelias,,17,10,yes,no,,
498,oviello,,17,14,yes,no,,
499,palabra,,17,12,yes,no,,
500,palavra,,13,13,yes,no,,
501,panojas,,17,15,yes,no,,
502,pareja,,17,12,yes,no,,
503,parejo,,17,13,yes,no,,
504,parelios,,13,11,yes,no,,
505,parella,,13,13,yes,no,,
506,peligro,,17,13,yes,no,,
507,perigo,,13,13,yes,no,,
508,pesunho,,14,18,yes,no,,
509,pesuña,,17,15,yes,no,,
510,piérgula,,15,,yes,no,,
511,piesllu,,15,,yes,no,,
512,pilche,,24,,yes,no,,
513,piojos,,17,13,yes,no,,
514,piollo,,13,14,yes,no,,
515,playa,,17,13,yes,no,,
516,plaza,,17,12,yes,no,,
517,plazer,,17,12,yes,no,,
518,plazo,,17,11,yes,no,,
519,pllorar,,20,,yes,no,,
520,plomo,,17,11,yes,no,,
521,pluma,,17,11,yes,no,,
522,poblar,,17,12,yes,no,,
523,poboo,,13,13,yes,no,,
524,pobrou,,13,13,yes,no,,
525,praça,,13,13,yes,no,,
526,prayas,,13,14,yes,no,,
527,prazer,,13,12,yes,no,,
528,prazo,,13,10,yes,no,,
529,prégoa,,14,,yes,yes,Minhoto,
530,prouguer,,13,13,yes,no,,
531,prumas,,13,14,yes,no,,
532,publigo,,17,11,yes,no,,
533,pucaro,,13,14,yes,no,,
534,pueblo,,17,12,yes,no,,
535,puluega,,13,13,yes,no,,
536,quajo,,17,13,yes,no,,
537,quallado,,13,14,yes,no,,
538,quallo,,13,13,yes,no,,
539,quenlla,,12,20,yes,no,,
540,racha,,17,14,yes,no,,
541,rajado,,17,14,yes,no,,
542,ralhar,,14,18,yes,no,,
543,rallante,,12,19,yes,no,,
544,rallar,,17,15,yes,no,,
545,rallo,,17,15,yes,no,,
546,ralo,,14,16,yes,no,,
547,rêbo,,12,18,yes,no,,
548,rêbo,,14,17,yes,no,,
549,recluir,,16,16,yes,no,,
550,relia,,13,10,yes,no,,
551,relia,,17,10,yes,no,,
552,reninchando,,17,13,yes,no,,
553,resollar,,17,13,yes,no,,
554,resollo,,13,13-14,yes,no,,
555,restojo,,17,12,yes,no,,
556,restroio,,13,12-13,yes,no,,
557,Rianno,,19,11,yes,no,,
558,ripio,,16,16,yes,no,,
559,rollo,,17,15,yes,no,,
560,rrinchar,,13,14,yes,no,,
561,rrolha,,13,15-16,yes,no,,
562,ruejo,,16,17,yes,yes,Navarra,
563,rueldo,,19,,yes,no,,
564,sachar,,13,14,yes,no,,
565,sachar,,16,16,yes,no,,
566,sachio,,13,12,yes,no,,
567,sacho,,16,16,yes,no,,
568,sallamos,,16,13,yes,yes,"Asturias, Santander, Burgos",
569,saluçadas,,13,13,yes,no,,
570,sarapulha,,12,16,yes,no,,
571,sarpullo,,19,,yes,no,,
572,seglar,,17,12,yes,no,,
573,segrares,,13,13,yes,no,,
574,segre,,13,13,yes,no,,
575,sella,,13,14,yes,no,,
576,senllas,,13,13,yes,no,,
577,senlleira,,13,13,yes,no,,
578,señardá,,15,,yes,no,,
579,señardade,,23,,yes,no,,
580,señardade,,12,19-20,yes,no,,
581,señerdat,,17,13,yes,no,,
582,señeros,,17,12,yes,no,,
583,seños,,17,12,yes,no,,
584,sieglo,,17,12,yes,no,,
585,silvar,,13,13,yes,no,,
586,silvos,,17,13,yes,no,,
587,simple,,17,13,yes,no,,
588,simpriz,,13,13,yes,no,,
589,sinlia,,13,13,yes,no,,
590,solenguaño,,16,,yes,yes,Santander,
591,solho,,13,13,yes,no,,
592,solieuo,,17,15,yes,no,,
593,soliuiate,,17,13,yes,no,,
594,sollamaran,,17,15,yes,no,,
595,sollar,,17,13,yes,no,,
596,solloços,,17,13,yes,no,,
597,sollutir,,15,,yes,no,,
598,soprar,,13,14,yes,no,,
599,sortijas,,17,13,yes,no,,
600,sortilia,,13,12?-13,yes,no,,
601,spadoam,,13,12,yes,no,,
602,spillu,,17,10,yes,no,,
603,stipullaços,,13,14,yes,no,,
604,tablados,,17,12,yes,no,,
605,tablas,,17,12,yes,no,,
606,tauoado,,13,13,yes,no,,
607,tavoa,,13,13,yes,no,,
608,teias,,17,13,yes,no,,
609,telia,,13,12,yes,no,,
610,tenlleira,,12,19,yes,no,,
611,tenllera,,15,,yes,no,,
612,tenpro,,13,13,yes,no,,
613,tidoo,,13,13-14,yes,no,,
614,tiemplo,,17,13,yes,no,,
615,tienlla,,17,13,yes,no,,
616,tilde,,17,15,yes,no,,
617,tolva,,16,16,yes,no,,
618,tortulho,,13,14,yes,no,,
619,tramallo,,15,,yes,no,,
620,trasmalhos,,13,14,yes,no,,
621,treble,,17,13,yes,no,,
622,tresmallo,,16,16,yes,no,,
623,trilho,,13,13,yes,no,,
624,trilla,,13,13,yes,no,,
625,trillar,,17,11,yes,no,,
626,trillo,,17,12,yes,no,,
627,trollar,,15,,yes,no,,
628,trujal,,16,19,yes,no,,
629,trulla,,16,16,yes,no,,
630,trullada,,12,19,yes,no,,
631,tullas,,13,14,yes,no,,
632,uermelia,,13,10,yes,no,,
633,unfllar,,18,,yes,no,,
634,unnas,,13,13,yes,no,,
635,uña,,17,12,yes,no,,
636,vedija,,17,13,yes,no,,
637,Vellia,,13,11,yes,no,,
638,vencejo,,17,13,yes,no,,
639,vencello,,13,13,yes,no,,
640,verdoaga,,12,19,yes,no,,
641,verdoega,,14,16,yes,no,,
642,verdolaga,,17,13,yes,no,,
643,vermejo,,17,12,yes,no,,
644,viejo,,17,11,yes,no,,
645,vinclo,,17,14,yes,no,,
646,viniebla,,16,16,yes,no,,
647,vinqu,,13,13,yes,no,,
648,ygreioa,,13,13,yes,no,,
649,yncha,,17,13,yes,no,,
