source_id,source_type,author,year,title,publisher,place,pages,url,access_date,database_name,source_code,version,isbn,doi
1,book,"Ahlborn, Gunnar",1946,Le Patois de Ruffieu-En-Valromey (Ain),Elander,Göteborg,,,,,,,,
2,book,"Álvarez Blanco, Rosario; Xove, Xosé",2002,Gramática da Lingua Galega,Editorial Galaxia,Vigo,,,,,,,,
3,book,"Ariza Viguera, Manuel",1994,Sobre Fonética Histórica del Español,Arco/Libros,Madrid,,,,,,,,
4,book,"Ariza Viguera, Manuel",2012,Fonología y Fonética Históricas del Español,Arco/Libros,Madrid,,,,,,,,
5,book,"Bonet, Eulália; Lloret, Maria-Rosa",1998,Fonologia Catalana,Ariel,Barcelona,,,,,,,,
6,book,"Bonfante, Giuliano",1990,The Origin of the Romance Languages: Stages in the Development of Latin,Winter,Heidelberg,,,,,,,,
7,book,"Celdrán Gomáriz, Pancracio",2009,Diccionario de Topónimos Españoles y sus Gentilicios,Espasa,Madrid,,,,,,,,
8,book,"Corominas, Joan; Pascual, José Antonio",2012,Diccionario Crítico Etimológico Castellano e Hispánico,Gredos,Madrid,,,,,DCECH,,,
9,book,"Cuveiro Piñol, Juan",1876,Diccionario Gallego,,Barcelona,,,,,,,,
10,book,"Dutton, Brian",1992,Gonzalo de Berceo. Vida de San Millán de la Cogolla,Espasa-Calpe,Madrid,,,,,,,,
11,book,"Carballeira Anllo, Xosé M.",,Dicionario Xerais da Lingua,Xerais,Vigo,,,,,DXL,,,
12,book,"Echenique Elizondo, María Teresa; Martínez Alcalde, María José",2011,Diacronía y Gramática Histórica de La Lengua Española,Tirant Humanidades,Valencia,,,,,,,,
13,book,"Ferreiro Fernández, Manuel",1996,Gramática Histórica Galega I,Laiovento,Santiago de Compostela,,,,,,,,
14,book,"García González, Constantino",1985,Glosario de Voces Galegas de Hoxe,Universidade de Santiago,,,,,,,,,
15,book,"García Turza, Claudio",1992,Gonzalo de Berceo. Los Milagros de Nuestra Señora,Espasa-Calpe,Madrid,,,,,,,,
16,book,"Andrés Díaz, Ramón de",2013,Gramática Comparada de las Lenguas Ibéricas,Trea,Gijón,,,,,GCLI,,,
17,book,"Georges, Karl Ernst",1998,Ausführliches Lateinisch-Deutsches Handwörterbuch,Wissenschaftliche Buchgesellschaft,Darmstadt,,http://www.zeno.org,"March 30, 2025",,Georges,,,
18,book,"García de Diego, Vicente; García de Diego, Carmen",1989,Diccionario Etimológico Español e Hispánico,Espasa-Calpe,Madrid,,,,,DEEH,,,
19,book,"Houaiss, Antônio; Villar, Mauro; Franco, Francisco Manoel de Mello",2004,Dicionário Eletronico Houaiss Da Língua Portuguesa,Objetiva,Rio de Janeiro,,,,,DEHLP,,,
20,book,"Rivas Quintas, Eligio",2015,Dicionario Etimolóxico Da Lingua Galega,Tórculo,Santiago de Compostela,,,,,DELG,,,
21,book,"Cortelazzo, Manlio; Zolli, Paolo",2021,Il Nuovo Etimologico: DELI - Dizionario Etimologico della Lingua Italiana,Zanichelli,Bologna,,,,,DELI,,,
22,book,"Diez, Friedrich; Scheler, Auguste",1887,Etymologisches Wörterbuch der romanischen Sprachen,De Gruyter,Berlin; Boston,,,,,,,,10.1515/9783112605646
23,book,"Figueiredo, Cândido de",1939,Novo Dicionário da Língua Portuguesa,Bertrand,Lisboa,,,,,NDLP,,,
24,book,"Nunes, José J.",1975,Compêndio de Gramática Histórica Portuguesa: (Fonética e Morfologia),Teixeira,Lisboa,,,,,,,,
25,book,"Glare, P. G. W.",2012,Oxford Latin Dictionary,Oxford University Press,Oxford,,,,,OLD,,,
26,book,"Pagés, Aniceto de",1914,Gran Diccionario de la Lengua Castellana (de Autoridades),Fomento comercial del libro,Barcelona,,,,,,,,
27,book,"Sobreira, Fr. J.; Pensado, J. L. (ed.)",1979,Papeletas de un Diccionario Gallego,"Instituto de Estudios Orensanos ""Padre Feijoó""",Ourense,,,,,PDG,,,
28,book,"Penny, Ralph J.",2002,A History of the Spanish Language,Cambridge University Press,Cambridge,,,,,,,,
29,book,Real Academia Española,2011,Nueva Gramática de la Lengua Española. 3/1. Fonética y Fonología,Espasa Libros,Madrid,,,,,,,,
30,book,"Regueira, Xosé L.",2010,Dicionario de Pronuncia da Lingua Galega,Real Academia Galega,A Coruña,,,,,,,,
31,book,"Ríos Panisse, M. do Carme",1977,Nomenclatura de la Flora y Fauna Marítimas de Galicia. I. Invertebrados y Peces,Universidade de Santiago,,,,,,,,,
32,book,"Roberts, Edward A.",2014,A Comprehensive Etymological Dictionary of the Spanish Language,Xlibris,Bloomington,,,,,,,,
33,book,"Rodrigues Lapa, Manuel",1931,Livro de Falcoaria de Pero Menino,Impresa da Universidade,Coimbra,,,,,,,,
34,book,"Rodrigues Lapa, Manuel",1970,Cantigas d'escarnho e de Mal Dizer Dos Cancioneiros Medievais Galego-Portugueses,Galaxia,Vigo,,,,,,,,
35,book,"Llorente Maldonado de Guevara, Antonio; Llorente Pinto, Mª del Rosario",2003,Toponimia Salmantina,Diputación de Salamanca,Salamanca,,,,,,,,
36,book,"Lorenzo Vázquez, Ramón",1968,Sobre Cronologia Do Vocabulário Galego-Português,Galaxia,Vigo,,,,,CVGP,,,
37,book,"Lausberg, Heinrich",1967,Romanische Sprachwissenschaft II: Konsonantismus,de Gruyter,Berlin,,,,,,,,
38,book,"Lewis, Charlton T.; Short, Charles",1879,A Latin Dictionary,,,,https://www.perseus.tufts.edu/hopper/text?doc=Perseus%3atext%3a1999.04.0059,"March 30, 2025",,LS,,,
39,book,"Mariño Paz, Ramón",2017,Fonética e Fonoloxía Históricas da Lingua Galega,Edicións Xerais de Galicia,Vigo,,,,,FF,,,
40,book,"Mariño Paz, Ramón",2008,Historia de la Lengua Gallega,Lincom Europa,Muenchen,,,,,,,,
41,book,"Mateus, Maria H. M.; d'Andrade, Ernesto",2000,The phonology of Portuguese,Oxford University Press,Oxford,,,,,,,,
42,book,"Meyer-Lübke, Wilhelm",1972,Grammatik der Romanischen Sprachen I. Romanische Lautlehre,Georg Olms Verlag,Hildesheim,,,,,,,,
43,book,"Meyer-Lübke, Wilhelm",1935,Romanisches etymologisches Wörterbuch,Winter,Heidelberg,,,,,REW,,,
44,book,"Pensado Ruiz, Carmen",1984,Cronología Relativa del Castellano,Ediciones Universidad de Salamanca,Salamanca,,,,,CRC,,,
45,book,"Azevedo Maia, Clarinda de",1986,História Do Galego-Português,Instituto nacional de Investigação Científica,Coimbra,,,,,HGP,,,
46,edited_volume,"Brea, Mercedes (coord.)",1996,Lírica Profana Galego-Portuguesa,"Centro de Investigacións Lingüísticas e Literarias ""Ramón Piñeiro""",Santiago de Compostela,,,,,LPGP,,,
47,edited_volume,"Cintra, Luís F. L. (ed.)",1959,A Linguagem Dos Foros de Castelo Rodrigo,Centro de Estudos Filológicos,Lisboa,,,,,FCR,,,
48,edited_volume,"Costa, P. Avelino de Jesús da (ed.)",1999,Livro Preto. Cartulário da Sé de Coimbra,Arquivo da Universidade de Coimbra,Coimbra,,,,,,,,
49,edited_volume,"Duro Peña, Emilio (ed.)",1972,El Monasterio de S. Pedro de Rocas y su Colección Documental,"Instituto de Estudios Orensanos ""Padre Feijoó""",Ourense,,,,,MPR,,,
50,edited_volume,"Fernández de Viana y Vieites, José I. (ed.)",1995,Colección Diplomática del Monasterio de Santa María de Ferreira de Pantón,Servicio de Publicaciones de la Diputación Provincial de Lugo,Lugo,,,,,MSMDFP,,,
51,edited_volume,"Graña Cid, María del Mar (ed.)",1990,Las Órdenes Mendicantes en el Obispado de Mondoñedo,,,,,,,OMOM,,,
52,edited_volume,"Hernández, Fabián (ed.)",1866,Becerro de las Behetrías de Castilla,Librería de Fabián Hernández,Santander,,,,,,,,
53,edited_volume,"Herrera, María T.; Sánchez, María Nieves (eds.)",2000,Traducción de la Historia de Jerusalem abreviada de Jacobo de Vitriaco,Universidad de Salamanca,Salamanca,,,,,,,,
54,edited_volume,"Herrero Jiménez, Mauricio",2004,Documentos de la Colección de Pergaminos del Archivo de la Real Chancillería de Valladolid (934-1300),,León,,,,,,,,
55,edited_volume,"Lorenzo, Ramón",1985,Crónica Troiana. Introducción e Texto,"Fundación Pedro Barrié de la Maza, Conde de Fenosa",A Coruña,,,,,CT,,,
56,edited_volume,"Lorenzo, Ramón (ed.)",1975/1977,La Traducción Gallega de La Crónica General y de La Crónica de Castilla,Instituto de Estudios Orensanos Padre Feijoó,Ourense,,,,,TC,,,
57,edited_volume,"López Ferreiro, Antonio (ed.)",1975,Fueros Municipales de Santiago y de su Tierra,Ediciones Castilla,Madrid,,,,,FMST,,,
58,edited_volume,"López Ferreiro, Antonio (ed.)",1901,Galicia Histórica. Colección Diplomática,Tipografía Galaica,Santiago de Compostela,,,,,GHCD,,,
59,edited_volume,"Lucas Álvarez, Manuel",1986,El Tumbo de San Julián de Samos (siglos VIII-XII),Caixa Galicia,Santiago de Compostela,,,,,,,,
60,edited_volume,"Lucas Álvarez, Manuel; Lucas Domínguez, Pedro (eds.)",1988,San Pedro de Ramirás. Un Monasterio Femenino en la Edad Media,Publicacións de Caixa Galicia,Santiago,,,,,PRMF,,,
61,edited_volume,"Martínez López, Ramón (ed.)",1963,General Estoria. Versión Gallega Del Siglo XIV,Publicacións de Archivum,Oviedo,,,,,XH,,,
62,edited_volume,"Martínez Salazar, Andrés (ed.)",1911,Documentos Gallegos de Los Siglos XIII al XVI,Casa de la Misericordia,A Coruña,,,,,DGS13-16,,,
63,edited_volume,"Mettmann, Walter (ed.)",1959,Cantigas de Santa Maria,Acta Universitatis Conimbrigensis,Coimbra,,,,,CSM,,,
64,edited_volume,"Parker, Kelvin M. (ed.)",1975,Historia Troyana,Instituto Padre Sarmiento,Santiago de Compostela,,,,,HT,,,
65,edited_volume,"Pensado Tomé, José Luís (ed.)",1958,Os Miragres de Santiago,C.S.I.C,Madrid,,,,,MS,,,
66,edited_volume,"Pensado Tomé, José L. (ed.)",2004,Tratado de Albeitaria,"Centro ""Ramón Piñeiro""",Santiago de Compostela,,,,,TA,,,
67,edited_volume,"Pérez Rodríguez, Francisco J. (ed.)",2004,Os Documentos do Tombo de Toxos Outos,Consello da Cultura Galega,Santiago de Compostela,,,,,DTT,,,
68,edited_volume,"Portela Silva, Ermelindo (ed.)",1976,La Región Del Obispado de Tuy En Los Siglos XII a XV,"Fundación ""Pedro Barrié de la Maza",A Coruña,,,,,ROT,,,
69,edited_volume,"Rodríguez González, Ángel (ed.)",1992,Libro do Concello de Santiago (1416-1422),Consello da Cultura Galega,Santiago de Compostela,,,,,LCS,,,
70,edited_volume,"Rodríguez González, Angel; Armas Castro, José (eds.)",1992,Minutario Notarial de Pontevedra (1433-1435),Consello da Cultura Galega,Santiago de Compostela,,,,,MNP,,,
71,edited_volume,"Rodríguez Núñez, Clara (ed.)",1989,"Santa María de Belvís, un Convento Mendicante Femenino en la Baja Edad Media (1305-1400)",,,,,,,MB,,,
72,edited_volume,"Romaní Martínez, Miguel (ed)",1989-93,La Colección Diplomática de Santa María de Oseira (1025-1310),,Santiago de Compostela,,,,,CDMO,,,
73,edited_volume,"Sánchez-Prieto Borja, Pedro",2004,Ferrer Sayol. Libro de palladio. BNM 10211,Universidad de Alcalá de Henares,Alcalá de Henares,,,,,,,,
74,edited_volume,"Tato Plaza, Fernando R.",1999,"Libro de Notas de Álvaro Pérez, Notarío da Terra de Rianxo e Postmarcos (1457)",Consello de Cultura Galega,Santiago de Compostela,,,,,,,,
75,edited_volume,"Cabana Outeiro, Alexandra (ed.)",2003,O Tombo H da Catedral de Santiago,Concello de Valga,Valga,,,,,THCS,,,
76,edited_volume,Portugaliae Monumenta Historica,1856-1917,Portugaliae Monumenta Historica,Academia das Ciências de Lisboa,Lisbon,,,,,PMH,,,
77,dissertation,"Freitas, Odília de Jesus",1948,Estudo do Falar de Santa Valha,University of Coimbra,,,,,,,,,
78,dissertation,"Salgueiro, Mariana de Lourdes",1945,Contribuição para um estudo Linguístico-Etnográfico de Quatro Aldeias,University of Coimbra,,,,,,,,,
79,article,"Álvarez Blanco, Rosario",1991,O Sistema Fonolóxico do Galego. Comparación co do Portugués,,,517-530,,,,,,,
80,article,"Bombien, Lasse; Hoole, Philip",2013,Articulatory Overlap as a Function of Voicing in French and German Consonant Clusters,,,539-50,,,,,,,10.1121/1.4807510
81,article,"Castro, Teresa de",2001,"El Tratado Sobre el Vestir, Calzar y Comer del Arzobispo Hernando de Talavera",,,11-92,,,,,,,
82,article,"D'Ovidio, Francesco; Meyer, Wilhelm",,Die italienische Sprache,,,489-560,,,,,,,
83,article,"Lloyd, Paul M.",1970,A Note on Latin Syllable Structure,,,41-42,,,,,,,
84,article,"Lorenzo Vázquez, Ramón",1962,Estudios Etnográfico-Lingüísticos sobre la Mahía y Aledaños. El horno y el arado,,,487-522,,,,,,,
85,article,"Michaëlis de Vasconcelos, Carolina",1920,Glossário do Cancioneiro da Ajuda,,,1-95,,,,,,,
86,article,"Otero Álvarez, Aníbal",1951,Hipótesis Etimológicas Referentes al Gallego-Portugués,,,83-114,,,,,,,
87,article,"Repetti, Lori; Tuttle, Edward F.",1987,"The Evolution of Latin pl, bl, and cl, gl in Western Romance",,,53-115,,,,,,,
88,article,"Torreblanca, Máximo",1990,"La Evolución /kl-, pl-, fl-/ > ll en Español",,,317-27,,,,,,,10.3989/rfe.1990.v70.i3/4.670
89,article,"Viudas Camarasa, Antonio",1979,Sobre La Evolución de 'pl-' a 'Pll-' y 'Cl-' a 'Cll-' En Aragonés Antiguo,,,355-75,,,,,,,
90,online_dictionary,Aragonario,2025,"Aragonario. Diccionario Castellano/Aragonés, Aragonés/Castellano",,,,https://aragonario.aragon.es,"March 30, 2025",,Aragonario,,,
91,online_corpus,"Lopes, Graça Videira; Ferreira, Manuel Pedro et al.",2011-,Cantigas Medievais Galego Portuguesas,,,,http://cantigas.fcsh.unl.pt,"March 30, 2025",,CMGP,,,
92,online_corpus,Corpus Documentale Latinum Gallaeciae,2023,Corpus Documentale Latinum Gallaeciae,,,,http://corpus.cirp.es/codolga,"March 30, 2025",,CODOLGA,20,,
93,online_corpus,Real Academia Española,,Banco de Datos (CORDE). Corpus Diacrónico Del Español,,,,http://www.rae.es,"March 30, 2025",,CORDE,,,
94,online_dictionary,"Santamarina, Antón (cood.)",,Diccionario de Diccionarios,,,,https://ilg.usc.gal/ddd/index.php,"March 30, 2025",,DDD,,,
95,online_dictionary,"González Seoane, Ernesto (coord.); Álvarez de la Granja, María; Boullón Agrelo, Ana I.",2006-2022,Dicionario de Dicionarios Do Galego Medieval,,,,http://ilg.usc.gal/ddgm/,"March 30, 2025",,DDGM,,,
96,online_dictionary,"García Arias, Xose L.",2025,Diccionario General de La Lengua Asturiana,,,,https://mas.lne.es/diccionario/,"March 30, 2025",,DGLA,,,
97,online_dictionary,Real Academia Española,,Diccionario de la Lengua Española,,,,https://dle.rae.es,"March 30, 2025",,DRAE,23.8,,
98,online_dictionary,"González González, Manuel (dir.)",,Dicionario da Real Academia Galega,,,,https://academia.gal/dicionario,"March 30, 2025",,DRAG,,,
99,online_dictionary,Real Academia Española,,Nuevo Tesoro Lexicográfico de la Lengua Española,,,,https://apps.rae.es/ntlle/SrvltGUILoginNtlle,"March 30, 2025",,NTLLE,,,
100,online_dictionary,Real Academia Española,2021,Tesoro de Los Diccionarios Históricos de La Lengua Española,,,,https://www.rae.es/tdhle/,"March 30, 2025",,TDHLE,,,
101,online_corpus,"Santamarina, Antón (dir.); González Seoane, Ernesto; Álvarez de la Granja, María",,Tesouro Informatizado de Lingua Galega,,,,http://ilg.usc.gal/TILG/,"March 30, 2025",,TILG,4.1,,
102,online_corpus,"Álvarez, Rosario (coord.)",,Tesouro do Léxico Patrimonial Galego e Portugués,,,,http://ilg.usc.es/Tesouro,"March 30, 2025",,TLPGP,,,
103,online_corpus,"Varela Barreiro, Xavier (dir.)",2004-,Tesouro Medieval Informatizado Da Lingua Galega,,,,http://ilg.usc.es/tmilg,"March 30, 2025",,TMILG,,,
104,online_corpus,"Ferreiro, Manuel (dir.)",2018-,Universo Cantigas. Edición Crítica da Poesía Medieval Galego-Portuguesa,,,,http://universocantigas.gal,"June 10, 2025",,UC,,,
105,online_project,"Fernandes, Maria A.",,Chaves. In Toponimia de Galicia e Portugal,,,,http://toponhisp.org,"June 24, 2025",,,,,
106,online_project,"Fuente Cornejo, Toribio",,Riaño. In Toponimia asturiano-leonesa,,,,http://toponhisp.org,"June 26, 2025",,,,,
